{"current":{"checkout_sidebar_background_color":"#f5f5f5","checkout_accent_color":"#282828","checkout_button_color":"#405de6","checkout_error_color":"#de2a2a","icon_stroke_width":1.2,"button_border_radius":8,"block_border_radius":"medium","heading_color":"#282828","text_color":"#282828","background":"#ffffff","secondary_background":"#f5f5f5","success_color":"#2e9e7b","error_color":"#de2a2a","header_background":"#000000","footer_background":"#000000","footer_text_color":"#ffffff","primary_button_background":"#16a234","secondary_button_background":"#0f7425","secondary_button_text_color":"#ffffff","product_rating_color":"#a48156","product_on_sale_accent":"#000000","product_custom_label_background":"#405de6","product_custom_label_2_background":"#f3ff34","product_in_stock_text_color":"#2e9e7b","product_low_stock_text_color":"#de2a2a","heading_font":"poppins_n6","heading_font_size":"small","heading_text_transform":"uppercase","text_font":"poppins_n4","text_font_size":16,"currency_code_enabled":false,"stagger_products_apparition":true,"round_color_swatches":false,"color_swatch_config":"Black:#000000\nPreto:#000000\nPreta Brilhante:#000000\nPreto Brilhante:#000000\nPreta:#000000\nCinza Escuro:#363636\nCinza:#808080\nCinza Brilhante:#808080\nPrata:#C0C0C0\nCinza Claro:#D3D3D3\nAnil:#6959CD\nAzul Marinho:#000080\nAzul Escuro:#0000CD\nAzul:#0000FF\nAzul Claro:#ADD8E6\nCiano:#00FFFF\nTurquesa:#40E0D0\nLacoste:#008080\nAquamarine:#7FFFD4\nAzul Esverdeado:#5F9EA0\nVerde Vivo:#00FF7F\nVerde Claro:#90EE90\nVerde Escuro:#006400\nVerde:#008000\nVerde Limão:#00FF00\nChocolate:#D2691E\nMarrom Arenoso:#F4A460\nRoxo:#A020F0\nDarkMagenta\t#8B008B\nMagenta:#FF00FF\nVioleta:#EE82EE\nRosa Escuro:#FF1493\nRosa Claro:#FFB6C1\nRosa:#FFC0CB\nMarrom: #CD853F\nMarrom Escuro:#5C4033\nVermelho Escuro:#8B0000\nSalmão:#FA8072\nVermelho:#FF0000\nVermelha:#FF0000\nLaranja Escuro:#FF8C00\nLaranja:#FFA500\nGold:#FFD700\nAmarelo:#FFFF00\nKhaki:#C3B091\nCaqui:#C3B091\nAzul Bebê:#F0F8FF\nBranco Neve:#F8F8FF\nBege:#FFF5EE\nAreia:#FFE4C4\nAmarelo Claro:#FFFFE0\nLavanda:#E6E6FA\nVinho:#5E2129\nRosê:#FFCBDB\nNude:#F7F3ED\nPreto\/Branco:Preto_Branco.png\nPreto\/Vermelho:Preto_Vermelho.png\nPreto\/Amarelo:Preto_Amarelo.png\nGelo:#F5F5F5\nCaramelo:#8F5C30\nCinza\/Caramelo:Cinza_Caramelo.png\nCinza\/Marrom:Cinza_Marrom.png\nBranco e Preto:Preto_Branco.png\nPreto e Branco:Preto_Branco.png\nPreto e Laranja:Preto_Laranja.png\nPreto\/Laranja:Preto_Laranja.png\nBranco\/Vermelho:Branco_Vermelho.png\nBranco e Vermelho:Branco_Vermelho.png\nChumbo:#5b5b58\nPreto\/Dourado:Preto_Dourado.png\nPreto e Dourado:Preto_Dourado.png\nPreto com Dourado:Preto_Dourado.png\nBranco com Preto:Preto_Branco.png\nPreto com Branco:Preto_Branco.png\nBranco \/ Preto:Preto_Branco.png\nCastanha:#D2B48C\nCastanho:#D2B48C\nVerde Piscina:#A0D9D0\nVerde Água:#93C2C4\nAzul Céu:#87CEEB\nLilas:#C8A2C8\nLilás:#C8A2C8\nCamuflada:Camuflada.png\nSépia:#705714\nSepia:#705714\nVerde Exército:#78866B\nVerde Exercito:#78866B\nModelo 3:Camuflada.png\nModelo 2:Camuflada.png\nModelo 1:Camuflada.png\nCafé:#A18262\nAuburn:#7B312E\nBranco\/Rosa:Branco_Rosa.png\nBranco\/Preto:Preto_Branco.png","show_vendor":false,"show_secondary_image":true,"show_product_rating":false,"discount_mode":"percentage","product_color_display":"swatch","product_image_size":"square","search_enable_blog_posts":false,"cart_type":"drawer","cart_icon":"shopping_cart","cart_show_free_shipping_threshold":true,"cart_free_shipping_threshold":"100","social_facebook":"","social_instagram":"","social_tiktok":"","accent_color":"#405de6","sections":{"announcement-bar":{"type":"announcement-bar","blocks":{"0697a958-3a04-403c-9800-53f8a9f8eb81":{"type":"message","settings":{"text":"FRETE GRÁTIS PARA TODO BRASIL","learn_more_text":"","title":"","content":"","button_text":"","button_link":""}}},"block_order":["0697a958-3a04-403c-9800-53f8a9f8eb81"],"custom_css":[".announcement-bar {position: relative; justify-content: center; height: 15px; padding: 14px 0;}"],"settings":{"announcement_bar_position":"non_sticky","announcement_text_size":"small","autoplay":true,"cycle_speed":5,"background":"#000000","text_color":"#ffffff","button_background":"#ffffff","button_text_color":"#ffffff"}},"header":{"type":"header","settings":{"enable_sticky_header":true,"logo_max_width":185,"mobile_logo_max_width":130,"navigation_menu":"main-menu","sidebar_navigation_menu":"","header_layout":"logo_center_search_open","show_icons":true,"reduce_desktop_padding":true,"show_locale_selector":false,"show_country_selector":false,"enable_transparent_header":true,"transparent_header_text_color":"#000000","search_menu":""}},"footer":{"type":"footer","blocks":{"text":{"type":"text","settings":{"title":"SERVIÇO DE ATENDIMENTO AO CONSUMIDOR","content":"<p>TEXTO<\/p>"}},"links":{"type":"links","settings":{"menu":"pol-ticas"}},"4bd2bed4-ccdb-4bfd-864e-23b70dd3d6a8":{"type":"links","settings":{"menu":"pol-ticas"}},"social_media":{"type":"social_media","settings":{"title":"Redes Sociais","content":"<p>Nos siga nas redes sociais <\/p>"}}},"block_order":["text","links","4bd2bed4-ccdb-4bfd-864e-23b70dd3d6a8","social_media"],"settings":{"show_payment_icons":true,"show_country_selector":false,"show_locale_selector":false,"show_cookie_bar":false,"cookie_bar_title":"Cookie policy","cookie_bar_content":"<p>I agree to the processing of my data in accordance with the conditions set out in the policy of Privacy.<\/p>"}},"popup":{"type":"popup","settings":{"enable":false,"apparition_delay":5,"show_only_on_index":true,"show_only_for_visitors":true,"show_only_once":true,"image_position":"left","title":"Get 10% off","content":"<p>Promotions, new products and sales. Directly to your inbox.<\/p>"}},"mini-cart":{"type":"mini-cart","settings":{"show_order_note":false,"show_checkout_button":false,"empty_button_link":"shopify:\/\/collections\/all","show_recommendations":false,"recommendations_title":"QUEM VIU, COMPROU TAMBÉM"}},"static-text-with-icons":{"type":"static-text-with-icons","blocks":{"static-text-with-icons-0":{"type":"item","settings":{"icon":"picto-box","custom_icon_width":50,"title":"Free shipping","content":"<p>Free worldwide shipping and returns - customs and duties taxes included<\/p>"}},"static-text-with-icons-1":{"type":"item","settings":{"icon":"picto-phone","custom_icon_width":50,"title":"Customer service","content":"<p>We are available from monday to friday to answer your questions.<\/p>"}},"static-text-with-icons-2":{"type":"item","settings":{"icon":"picto-lock","custom_icon_width":50,"title":"Secure payment","content":"<p>Your payment information is processed securely.<\/p>"}},"static-text-with-icons-3":{"type":"item","settings":{"icon":"picto-email","custom_icon_width":50,"title":"Contact us","content":"<p>Need to contact us ? Just send us an e-mail at info@yourstore.com<\/p>"}}},"block_order":["static-text-with-icons-0","static-text-with-icons-1","static-text-with-icons-2","static-text-with-icons-3"],"settings":{"show_section":false,"background":"rgba(0,0,0,0)","text_color":"rgba(0,0,0,0)"}},"static-newsletter":{"type":"static-newsletter","settings":{"show_section":false,"reveal_on_scroll":true,"subheading":"Subscribe to our newsletter","content":"<p>Promotions, new products and sales. Directly to your inbox.<\/p>","text_position":"right","text_alignment":"left","text_background":"rgba(0,0,0,0)","text_color":"rgba(0,0,0,0)","button_background":"rgba(0,0,0,0)","button_text_color":"rgba(0,0,0,0)"}}},"content_for_index":[]},"presets":{"Carbon":{"button_border_radius":0,"block_border_radius":"none","heading_color":"#282828","text_color":"#282828","secondary_background":"#f5f5f5","success_color":"#2e9e7b","error_color":"#de2a2a","header_background":"#282828","footer_background":"#282828","footer_text_color":"#ffffff","primary_button_background":"#405de6","secondary_button_background":"#f3ff34","secondary_button_text_color":"#282828","product_on_sale_accent":"#de2a2a","product_custom_label_background":"#405de6","product_custom_label_2_background":"#f3ff34","product_in_stock_text_color":"#2e9e7b","product_low_stock_text_color":"#de2a2a","heading_font":"zurich_extended_n8","heading_font_size":"medium","heading_text_transform":"uppercase","text_font":"zurich_n4","text_font_size":15,"currency_code_enabled":false,"stagger_products_apparition":true,"round_color_swatches":false,"show_vendor":false,"show_secondary_image":true,"product_color_display":"count","product_image_size":"natural","show_product_rating":false,"cart_type":"message","cart_show_free_shipping_threshold":true,"accent_color":"#405de6","checkout_sidebar_background_color":"#f5f5f5","checkout_accent_color":"#282828","checkout_button_color":"#405de6","checkout_error_color":"#de2a2a","sections":{"announcement-bar":{"type":"announcement-bar","blocks":{"message-1":{"type":"message","settings":{}}},"block_order":["message-1"],"settings":{"announcement_bar_position":"non_sticky","announcement_text_size":"normal","autoplay":true,"cycle_speed":5,"background":"#f3ff34","text_color":"#282828","button_background":"#282828","button_text_color":"#ffffff"}},"header":{"type":"header","settings":{"enable_sticky_header":true,"navigation_menu":"main-menu","header_layout":"logo_left_navigation_center","show_icons":false,"reduce_desktop_padding":false,"enable_transparent_header":false,"transparent_header_text_color":"#ffffff"}},"footer":{"type":"footer","blocks":{"text":{"type":"text","settings":{}},"links":{"type":"links","settings":{"menu":"footer"}},"newsletter":{"type":"newsletter","settings":{}},"social_media":{"type":"social_media","settings":{}}},"block_order":["text","links","newsletter","social_media"],"settings":{}}}},"Ivory":{"button_border_radius":4,"block_border_radius":"small","heading_color":"#1a1a1a","text_color":"#1a1a1a","secondary_background":"#f5f1ec","success_color":"#2e9e7b","error_color":"#de2a2a","header_background":"#56112a","header_text_color":"#ffffff","footer_background":"#56112a","footer_text_color":"#ffffff","primary_button_background":"#56112a","primary_button_text_color":"#ffffff","secondary_button_background":"#f7aea6","secondary_button_text_color":"#56112a","product_on_sale_accent":"#913b59","product_custom_label_background":"#405de6","product_custom_label_2_background":"#f3e5b6","product_in_stock_text_color":"#2e9e7b","product_low_stock_text_color":"#de2a2a","heading_font":"itc_caslon_no_224_n5","heading_font_size":"medium","heading_text_transform":"normal","text_font":"avenir_next_n4","text_font_size":15,"stagger_products_apparition":true,"round_color_swatches":true,"show_vendor":false,"show_secondary_image":true,"product_color_display":"count","product_image_size":"natural","cart_type":"drawer","accent_color":"#405de6","checkout_sidebar_background_color":"#f6f3ed","checkout_accent_color":"#353535","checkout_button_color":"#353535","checkout_error_color":"#de2a2a","sections":{"announcement-bar":{"type":"announcement-bar","blocks":{"message-1":{"type":"message","settings":{}}},"block_order":["message-1"],"settings":{"announcement_bar_position":"non_sticky","announcement_text_size":"small","autoplay":true,"cycle_speed":5,"background":"#f7aea6","text_color":"#56112a","button_background":"#56112a","button_text_color":"#ffffff"}},"header":{"type":"header","settings":{"enable_sticky_header":true,"navigation_menu":"main-menu","header_layout":"logo_center_navigation_inline","show_icons":false,"reduce_desktop_padding":false,"enable_transparent_header":false,"transparent_header_text_color":"#ffffff"}},"footer":{"type":"footer","blocks":{"text":{"type":"text","settings":{}},"links":{"type":"links","settings":{"menu":"footer"}},"newsletter":{"type":"newsletter","settings":{}},"social_media":{"type":"social_media","settings":{}}},"block_order":["text","links","newsletter","social_media"],"settings":{}}}},"Quartz":{"icon_stroke_width":1.3,"button_border_radius":0,"block_border_radius":"none","vertical_spacing":"medium","heading_color":"#0d0d0d","text_color":"#2e2e2e","background":"#ffffff","secondary_background":"#f5f5f5","success_color":"#3c6e71","error_color":"#de2a2a","header_background":"#ffffff","header_text_color":"#2e2e2e","footer_background":"#ffffff","footer_text_color":"#2e2e2e","primary_button_background":"#051e38","primary_button_text_color":"#ffffff","secondary_button_background":"#dfdfdf","secondary_button_text_color":"#2e2e2e","product_on_sale_accent":"#de2b2b","product_sold_out_accent":"#5b5b5b","product_custom_label_background":"#051e38","product_custom_label_2_background":"#2e9e7b","product_in_stock_text_color":"#2e9e7b","product_low_stock_text_color":"#de2b2b","heading_font":"futura_n3","heading_font_size":"medium","heading_text_transform":"uppercase","text_font":"din_next_n4","text_font_size":15,"stagger_products_apparition":true,"round_color_swatches":false,"show_vendor":false,"show_secondary_image":true,"product_color_display":"hide","product_image_size":"natural","cart_type":"drawer","cart_icon":"tote_bag","checkout_sidebar_background_color":"#f5f5f5","checkout_accent_color":"#051e38","checkout_button_color":"#051e38","checkout_error_color":"#de2a2a","accent_color":"#405de6","sections":{"announcement-bar":{"type":"announcement-bar","blocks":{"message-1":{"type":"message","settings":{}}},"block_order":["message-1"],"settings":{"announcement_bar_position":"non_sticky","announcement_text_size":"small","autoplay":true,"cycle_speed":5,"background":"#051e38","text_color":"#ffffff","button_background":"#ffffff","button_text_color":"#051e38"}},"header":{"type":"header","settings":{"enable_sticky_header":true,"navigation_menu":"main-menu","header_layout":"logo_center_navigation_inline","show_icons":true,"reduce_desktop_padding":false,"enable_transparent_header":true,"transparent_header_text_color":"#ffffff"}},"footer":{"type":"footer","blocks":{"text":{"type":"text","settings":{}},"links":{"type":"links","settings":{"menu":"footer"}},"newsletter":{"type":"newsletter","settings":{}},"social_media":{"type":"social_media","settings":{}}},"block_order":["text","links","newsletter","social_media"],"settings":{}}}},"Sapphire":{"icon_stroke_width":1.2,"button_border_radius":0,"block_border_radius":"none","heading_color":"#0c1b54","text_color":"#0c1b54","background":"#ffffff","secondary_background":"#f7f7f7","success_color":"#708a7d","error_color":"#d2545a","header_background":"#0c1b54","footer_background":"#0c1b54","footer_text_color":"#ffffff","primary_button_background":"#0c1b54","secondary_button_background":"#f7f7f7","secondary_button_text_color":"#0c1b54","product_rating_color":"#a48156","product_on_sale_accent":"#d2545a","product_custom_label_background":"#405de6","product_custom_label_2_background":"#f3ff34","product_in_stock_text_color":"#2e9e7b","product_low_stock_text_color":"#d2545a","heading_font":"chong_modern_n4","heading_font_size":"large","heading_text_transform":"normal","text_font":"trade_gothic_n4","text_font_size":15,"stagger_products_apparition":true,"round_color_swatches":true,"show_vendor":true,"show_secondary_image":true,"show_product_rating":true,"product_color_display":"hide","product_image_size":"natural","cart_type":"message","checkout_sidebar_background_color":"#f5f5f5","checkout_accent_color":"#282828","checkout_button_color":"#405de6","checkout_error_color":"#de2a2a","accent_color":"#405de6","sections":{"announcement-bar":{"type":"announcement-bar","blocks":{"message-1":{"type":"message","settings":{}}},"block_order":["message-1"],"settings":{"announcement_bar_position":"non_sticky","announcement_text_size":"small","autoplay":true,"cycle_speed":5,"background":"#ffe5db","text_color":"#0c1b54","button_background":"#0c1b54","button_text_color":"#ffffff"}},"header":{"type":"header","settings":{"enable_sticky_header":true,"navigation_menu":"main-menu","header_layout":"logo_center_navigation_inline","show_icons":true,"reduce_desktop_padding":false,"enable_transparent_header":true,"transparent_header_text_color":"#ffffff"}},"footer":{"type":"footer","blocks":{"text":{"type":"text","settings":{}},"links":{"type":"links","settings":{"menu":"footer"}},"newsletter":{"type":"newsletter","settings":{}},"social_media":{"type":"social_media","settings":{}}},"block_order":["text","links","newsletter","social_media"],"settings":{}}}}}}