{"sections":{"main":{"type":"main-cart","blocks":{"totals":{"type":"totals","settings":{}},"order_note":{"type":"order_note","settings":{"open_by_default":false}}},"block_order":["totals","order_note"],"settings":{"show_payment_methods":false,"show_shipping_estimator":false,"shipping_estimator_default_country":"Brasil","empty_button_link":"shopify:\/\/collections\/all"}},"cart-recommendations":{"type":"cart-recommendations","settings":{"title":"Combina com sua compra"}}},"order":["main","cart-recommendations"]}