{"sections":{"slideshow":{"type":"slideshow","blocks":{"slide-1":{"type":"image","settings":{"text_position":"top_left","subheading":"","title":"","button_1_text":"","button_1_link":"","button_2_text":"","button_2_link":"","text_color":"#ffffff","button_background":"#ffffff","button_text_color":"#000000","overlay_color":"#000000","overlay_opacity":0}},"73976e9e-0807-4141-8fa9-4f9e61e48ef0":{"type":"image","settings":{"text_position":"top_left","subheading":"","title":"","button_1_text":"","button_1_link":"","button_2_text":"","button_2_link":"","text_color":"#ffffff","button_background":"#ffffff","button_text_color":"#000000","overlay_color":"#000000","overlay_opacity":0}},"slide-2":{"type":"image","settings":{"text_position":"middle_center","subheading":"","title":"","button_1_text":"","button_1_link":"","button_2_text":"","button_2_link":"","text_color":"#ffffff","button_background":"#ffffff","button_text_color":"#000000","overlay_color":"#000000","overlay_opacity":0}}},"block_order":["slide-1","73976e9e-0807-4141-8fa9-4f9e61e48ef0","slide-2"],"settings":{"section_height":"auto","transition_type":"sweep","autoplay":true,"cycle_speed":5,"background":"rgba(0,0,0,0)"}},"featured-collections":{"type":"featured-collections","blocks":{"collection-1":{"type":"collection","settings":{"collection":"","label":"","button_text":"","button_url":""}}},"block_order":["collection-1"],"settings":{"subheading":"","title":"MAIS VENDIDOS","content":"","products_count":14,"products_per_row":5,"stack_products":false,"show_cta":false,"background":"rgba(0,0,0,0)","text_color":"rgba(0,0,0,0)","button_background":"rgba(0,0,0,0)","button_text_color":"rgba(0,0,0,0)"}},"shop-the-look":{"type":"shop-the-look","blocks":{"look-1":{"type":"look","settings":{"dot_type":"inverted","product_1":"","product_1_horizontal_position":20,"product_1_vertical_position":86,"product_1_horizontal_position_mobile":24,"product_1_vertical_position_mobile":70,"product_2":"","product_2_horizontal_position":46,"product_2_vertical_position":64,"product_2_horizontal_position_mobile":50,"product_2_vertical_position_mobile":50,"product_3":"","product_3_horizontal_position":62,"product_3_vertical_position":50,"product_3_horizontal_position_mobile":70,"product_3_vertical_position_mobile":70}}},"block_order":["look-1"],"settings":{"reveal_on_scroll":true,"label":"Shop the looks"}},"61b1d5fd-81fe-4d77-9dc1-3d21f0b97208":{"type":"featured-collections","blocks":{"template--16778204152066__61b1d5fd-81fe-4d77-9dc1-3d21f0b97208-1689005221578c6556-0":{"type":"collection","settings":{"collection":"","label":"","button_text":"","button_url":""}}},"block_order":["template--16778204152066__61b1d5fd-81fe-4d77-9dc1-3d21f0b97208-1689005221578c6556-0"],"settings":{"subheading":"","title":"MAIS PROCURADOS","content":"","products_count":8,"products_per_row":4,"stack_products":false,"show_cta":false,"background":"rgba(0,0,0,0)","text_color":"rgba(0,0,0,0)","button_background":"rgba(0,0,0,0)","button_text_color":"rgba(0,0,0,0)"}},"9316885d-b5e2-49df-bcb6-c3e8e94e9796":{"type":"shop-the-look","blocks":{"template--16778204152066__9316885d-b5e2-49df-bcb6-c3e8e94e9796-16890051957891e95e-0":{"type":"look","settings":{"dot_type":"inverted","product_1":"","product_1_horizontal_position":24,"product_1_vertical_position":87,"product_1_horizontal_position_mobile":68,"product_1_vertical_position_mobile":76,"product_2":"","product_2_horizontal_position":46,"product_2_vertical_position":64,"product_2_horizontal_position_mobile":38,"product_2_vertical_position_mobile":50,"product_3":"","product_3_horizontal_position":62,"product_3_vertical_position":50,"product_3_horizontal_position_mobile":70,"product_3_vertical_position_mobile":70}}},"block_order":["template--16778204152066__9316885d-b5e2-49df-bcb6-c3e8e94e9796-16890051957891e95e-0"],"settings":{"reveal_on_scroll":true,"label":"Shop the looks"}},"timeline":{"type":"timeline","blocks":{"item-1":{"type":"item","settings":{"label":"PRODUTO 1","title":"PRODUTO 1","content":"<p>TEXTO<\/p>","button_text":"","button_link":""}},"item-2":{"type":"item","settings":{"label":"PRODUTO 2","title":"PRODUTO 2","content":"<p>TEXTO<\/p>","button_text":"","button_link":""}},"item-3":{"type":"item","settings":{"label":"PRODUTO 3","title":"PRODUTO 3","content":"<p>TEXTO<\/p>","button_text":"","button_link":""}},"1b2e54f2-4302-457f-ae2a-b58d15424b9b":{"type":"item","settings":{"label":"PRODUTO 4","title":"PRODUTO 4","content":"<p>TEXTO<\/p>","button_text":"","button_link":""}}},"block_order":["item-1","item-2","item-3","1b2e54f2-4302-457f-ae2a-b58d15424b9b"],"settings":{"subheading":"","title":"Coleções","text_position":"middle","background":"rgba(0,0,0,0)","text_color":"rgba(0,0,0,0)","item_background":"rgba(0,0,0,0)","item_text_color":"rgba(0,0,0,0)"}},"testimonials":{"type":"testimonials","blocks":{"testimonial-1":{"type":"testimonial","settings":{"content":"","author":""}},"aeb8f7ab-5694-4983-8379-165fb459b405":{"type":"testimonial","settings":{"content":"","author":""}},"3b39d914-dce6-4d62-9f9d-cbcd49e8a121":{"type":"testimonial","settings":{"content":"","author":""}},"d9a1c86d-3ff8-44a2-b4c2-d51366e7e3a5":{"type":"testimonial","settings":{"content":"","author":""}}},"block_order":["testimonial-1","aeb8f7ab-5694-4983-8379-165fb459b405","3b39d914-dce6-4d62-9f9d-cbcd49e8a121","d9a1c86d-3ff8-44a2-b4c2-d51366e7e3a5"],"settings":{"reveal_on_scroll":true,"subheading":"","title":"","background":"rgba(0,0,0,0)","text_color":"rgba(0,0,0,0)"}},"text-with-icons":{"type":"text-with-icons","blocks":{"item-1":{"type":"item","settings":{"icon":"picto-box","custom_icon_width":50,"title":"Frete Grátis","content":"<p>Frete Grátis em todos os produtos<\/p>"}},"item-2":{"type":"item","settings":{"icon":"picto-chat","custom_icon_width":50,"title":"Suporte","content":"<p>texto<\/p>"}},"item-3":{"type":"item","settings":{"icon":"picto-credit-card","custom_icon_width":40,"title":"Compra","content":"<p>texto<\/p>"}},"item-4":{"type":"item","settings":{"icon":"picto-donation","custom_icon_width":50,"title":"Garantia","content":"<p>texto<\/p>"}}},"block_order":["item-1","item-2","item-3","item-4"],"settings":{"background":"rgba(0,0,0,0)","text_color":"rgba(0,0,0,0)"}}},"order":["slideshow","featured-collections","shop-the-look","61b1d5fd-81fe-4d77-9dc1-3d21f0b97208","9316885d-b5e2-49df-bcb6-c3e8e94e9796","timeline","testimonials","text-with-icons"]}